order_id,order_date,customer_segment,city,category,quantity,unit_price,discount_pct,payment_status,order_year,order_month,total_revenue,unit_cost,total_cost,profit,profit_margin_pct
RT-1001,2026-01-03,Student,Chennai,Learning Kit,2,799,10.0,Paid,2026,1,1438.2,479.4,958.8,479.4,33.33
RT-1002,2026-03-01,Fresher,Bengaluru,Course Access,1,1499,0.0,Paid,2026,3,1499.0,899.4,899.4,599.6,40.0
RT-1003,2026-01-05,Student,Chennai,Course Access,1,1499,0.0,Pending,2026,1,1499.0,899.4,899.4,599.6,40.0
RT-1004,2026-01-07,Professional,Hyderabad,Learning Kit,3,799,5.0,Paid,2026,1,2277.15,479.4,1438.2,838.95,36.84
RT-1005,2026-01-09,Fresher,Unknown,Mentor Session,1,999,0.0,Failed,2026,1,999.0,599.4,599.4,399.6,40.0
RT-1007,2026-01-12,Professional,Mumbai,Mentor Session,2,999,100.0,Paid,2026,1,0.0,599.4,1198.8,-1198.8,0.0
RT-1008,2026-01-14,Fresher,Bengaluru,Course Access,2,1499,0.0,Pending,2026,1,2998.0,899.4,1798.8,1199.2,40.0
RT-1009,2026-01-16,Student,Chennai,Learning Kit,1,799,0.0,Paid,2026,1,799.0,479.4,479.4,319.6,40.0
RT-1010,2026-01-18,Professional,Delhi,Course Access,2,1499,15.0,Refunded,2026,1,2548.3,899.4,1798.8,749.5,29.41
